district_name,date,dem_percent,rep_percent,sample_size,registered_voter,pollster_lean,pollster_grade,pollster_name
NC-07,8/22/2018,0.44,0.4,500,Likely,-0.038,D,Lincoln Park Strategies
NC-09,10/5/2018,0.42,0.47,502,Likely,-0.001,A,Siena College
OH-12,9/6/2018,0.46,0.47,500,Likely,-0.01,B,GBA Strategies
KY-06,9/17/2018,0.47,0.47,600,Likely,0.0012,C,Rasmussen Reports/Pulse Opinion Research
AR-04,9/7/2018,0.24,0.54,423,Likely,0.011,B,Hendrix College
NY-22,8/26/2018,0.46,0.44,499,Likely,-0.001,A,Siena College
NY-01,9/17/2018,0.44,0.47,400,Likely,-0.022,C,Global Strategy Group
AK-01,6/12/2018,0.36,0.4,540,Likely,-0.038,D,Lake Research Partners
MN-01,8/26/2018,0.33,0.47,400,Likely,0.041,B,Harper Polling
KY-06,2/7/2018,0.44,0.48,401,Likely,-0.041,B,Garin-Hart-Yang Research Group
NJ-03,2/15/2018,0.43,0.47,336,Voters,-0.021,B,Public Policy Polling
WA-05,9/20/2018,0.46,0.49,521,Likely,-0.057,D,"Fairbank, Maslin, Maulin, Metz & Associates"
KY-06,9/8/2018,0.46,0.47,506,Likely,-0.001,A,Siena College
WI-01,9/13/2018,0.44,0.5,500,Likely,-0.001,A,Siena College
ID-01,7/9/2018,0.27,0.35,315,Adults,-0.002,C,Dan Jones & Associates
KY-06,5/2/2018,0.52,0.37,508,Likely,-0.035,C,DCCC Targeting Team
AR-03,9/7/2018,0.31,0.53,428,Likely,0.011,B,Hendrix College
NY-19,9/10/2018,0.48,0.45,327,Likely,-0.014,A,Monmouth University
NJ-03,4/17/2018,0.41,0.42,669,Voters,-0.021,B,Public Policy Polling
WA-05,4/17/2018,0.45,0.48,689,Voters,-0.021,D,Public Policy Polling
KY-06,6/7/2018,0.51,0.38,400,Likely,0.015,B,"Fabrizio, Lee & Associates"
KY-06,9/6/2018,0.45,0.49,400,Likely,0.015,B,"Fabrizio, Lee & Associates"
UT-01,8/31/2018,0.22,0.59,201,Adults,-0.002,C,Dan Jones & Associates
AR-02,9/7/2018,0.41,0.5,428,Likely,0.011,B,Hendrix College
NY-22,4/27/2018,0.55,0.45,358,Likely,-0.004,C,Zogby Interactive/JZ Analytics
PA-01,10/1/2018,0.46,0.5,353,Likely,0.014,A,Monmouth University
ID-02,7/9/2018,0.23,0.59,285,Adults,-0.002,C,Dan Jones & Associates
NY-19,8/26/2018,0.4,0.45,501,Likely,-0.001,A,Siena College
NM-03,6/16/2018,0.58,0.3,446,Likely,0.025,D,Carroll Strategies
ME-02,9/14/2018,0.42,0.47,506,Likely,-0.001,A,Siena College
MN-02,10/2/2018,0.51,0.39,487,Likely,-0.001,A,Siena Collge
WA-05,4/7/2018,0.38,0.44,403,Registered,-0.002,D,Elway Research
GA-06,8/26/2018,0.47,0.49,600,Likely,-0.038,D,Thirty-Ninth Street Strategies
KY-06,7/10/2018,0.5,0.43,461,Likely,-0.041,B,Garin-Hart-Yang Research Group
NJ-03,6/3/2018,0.44,0.48,550,Likely,-0.017,B,Greenberg Quinlan Rosner (Democracy Corps)
AR-02,4/17/2018,0.42,0.47,610,Voters,-0.021,B,Public Policy Polling
MN-02,10/1/2018,0.43,0.46,412,Likely,0.064,B,Wilson Perkins Allen Opinion Research
PA-01,6/3/2018,0.47,0.48,254,Likely,0.014,A,Monmouth University
UT-01,8/27/2018,0.16,0.51,600,Registered,-0.006,D,Lighthouse Research
NJ-03,6/21/2018,0.42,0.42,400,Likely,-0.022,C,Global Strategy Group
AR-01,9/7/2018,0.22,0.57,422,Likely,0.011,B,Hendrix College
MN-02,9/23/2018,0.48,0.45,569,Likely,0.003,A,SurveyUSA
WA-05,2/3/2018,0.43,0.47,414,Likely,-0.035,C,DCCC Targeting Team D
NC-02,8/27/2018,0.45,0.44,401,Likely,-0.017,B,Greenberg Quinlan Rosner (Democracy Corps)
NY-19,7/12/2018,0.44,0.49,400,Registered,0.017,C,IMGE Insights
NY-22,3/12/2018,0.5,0.44,500,Likely,-0.017,D,Greenberg Quinlan Rosner (Democracy Corps)
ME-02,9/7/2018,0.54,0.46,400,Registered,-0.042,B,Mellman Group
MN-02,9/18/2018,0.48,0.45,531,Voters,0.021,B,Public Policy Polling
MI-06,9/5/2018,0.41,0.45,750,Voters,-0.021,B,Public Policy Polling
NJ-03,8/9/2018,0.45,0.44,300,Likely,-0.014,A,Monmouth University
NM-02,9/18/2018,0.46,0.45,503,Likely,-0.001,A,Siena College
PA-01,5/14/2018,0.46,0.48,540,Likely,0.035,C,DCCC Targeting Team
ND-01,10/2/2018,0.34,0.51,704,Likely,0.016,A,Fox News/Anderson Robbins Research/Shaw & Co. Research
UT-02,8/31/2018,0.34,0.45,202,Likely,-0.002,C,Dan Jones & Associates
NC-02,9/8/2018,0.44,0.43,538,Likely,0.03,A,SurveyUSA
MN-02,8/21/2018,0.45,0.46,400,Likely,0.064,B,Wilson Perkins Allen Opinion Research
GA-07,8/13/2018,0.46,0.44,400,Likely,-0.057,B,Tulchin Research
NJ-11,9/27/2018,0.46,0.43,400,Likely,0.025,B,National Research Inc.
NC-13,9/13/2018,0.46,0.42,537,Likely,-0.035,C,DCCC Targeting Team
NY-19,6/28/2018,0.49,0.42,545,Likely,-0.035,C,DCCC Targeting Team
NJ-03,9/5/2018,0.47,0.45,523,Likely,-0.035,C,DCCC Targeting Team
ME-02,7/30/2018,0.39,0.4,400,Likely,-0.042,B,Mellman Group
UT-02,8/27/2018,0.27,0.49,600,Registered,-0.006,D,Lighthouse Research
MI-06,8/29/2018,0.44,0.49,500,Likely,-0.022,C,Global Strategy Group
NY-22,11/10/2017,0.47,0.41,599,Voters,-0.021,B,Public Policy Polling
MN-03,9/29/2018,0.49,0.44,607,Likely,0.003,A,SurveyUSA
PA-07,9/25/2018,0.5,0.42,539,Likely,-0.001,A,Siena College
WV-01,9/15/2018,0.14,0.43,275,Registered,-0.009,B,Emerson College
ND-01,9/27/2018,0.31,0.55,650,Likely,0.025,D,Strategic Research Associates
NJ-11,7/22/2018,0.42,0.36,400,Likely,0.025,B,National Research Inc.
NJ-03,9/26/2018,0.49,0.39,499,Likely,-0.001,A,Siena College
UT-02,6/18/2018,0.24,0.48,147,Registered,-0.004,D,University of Utah
NM-02,9/13/2018,0.41,0.48,405,Likely,0.003,A,Research & Polling Inc.
PA-17,7/22/2018,0.53,0.4,355,Likely,0.014,A,Monmouth University
ND-01,9/11/2018,0.34,0.48,701,Likely,0.016,A,Fox News/Anderson Robbins Research/Shaw & Co. Research
MI-07,2/21/2018,0.37,0.41,400,Registered,-0.035,C,DCCC Targeting Team
NJ-11,6/25/2018,0.44,0.4,339,Likely,-0.014,A,Monmouth University
NY-24,8/23/2018,0.39,0.54,513,Likely,-0.001,A,Sienna College
OH-01,10/1/2018,0.41,0.5,503,Likely,-0.001,A,Siena College
NC-13,7/16/2018,0.35,0.4,537,Likely,0.003,A,SurveyUSA
PA-07,9/9/2018,0.47,0.45,299,Likely,-0.0014,A,Monmouth University
UT-03,8/31/2018,0.19,0.65,188,Adults,-0.002,C,Dan Jones & Associates
MN-03,9/18/2018,0.52,0.39,538,Voters,-0.021,B,Public Policy Polling
NJ-05,8/12/2018,0.36,0.39,400,Registered,0.042,B,Tel Opinion Research
WV-01,6/19/2018,0.24,0.72,72,Likely,-0.014,A,Monmouth University
NM-01,9/13/2018,0.49,0.41,410,Likely,0.003,A,Research & Polling Inc.
UT-03,8/27/2018,0.2,0.52,600,Registered,-0.006,D,Lighthouse Research
MN-03,9/9/2018,0.51,0.42,500,Likely,-0.001,A,Siena College
NY-24,7/27/2018,0.47,0.43,785,Voters,-0.021,B,Public Policy Polling
NM-02,6/16/2018,0.35,0.49,334,Likely,0.025,D,Carroll Strategies
MI-08,10/3/2018,0.44,0.47,501,Likely,-0.001,A,Siena College
ND-01,8/28/2018,0.32,0.53,506,Likely,0.049,D,Axis Research
PA-07,5/3/2018,0.42,0.31,408,Registered,-0.0016,A,Muhlenburg College
NJ-07,6/25/2018,0.47,0.45,500,Likely,-0.017,B,Greenberg Quinlan Rosner (Democracy Corps)
OH-01,9/20/2018,0.39,0.46,400,Likely,0.036,B,American Viewpoint
MN-03,2/13/2018,0.46,0.43,664,Voters,-0.021,B,Public Policy Polling
NC-13,4/17/2018,0.4,0.43,668,Voters,-0.021,B,Public Policy Polling
WV-02,9/15/2018,0.24,0.32,277,Registered,-0.009,B,Emerson College
NY-25,8/19/2018,0.55,0.31,500,Likely,-0.001,A,Siena College
ND-01,6/15/2018,0.35,0.46,625,Registered,-0.003,B,Mason-Dixon Polling & Research Inc.
NJ-07,9/17/2018,0.46,0.43,365,Likely,-0.014,A,Monmouth University
MN-03,11/10/2017,0.46,0.42,542,Voters,-0.021,B,Public Policy Polling
NM-01,6/16/2018,0.47,0.43,419,Likely,0.025,D,Carroll Strategies
MS-04,7/31/2018,0.37,0.54,525,Likely,0.041,C,Triumph Campaigns
UT-04,9/8/2018,0.42,0.51,405,Likely,0.038,B,Y2 Analytics
NM-02,6/11/2018,0.43,0.45,456,Registered,-0.035,C,DCCC Targeting Team
MI-08,9/20/2018,0.47,0.43,400,Likely,-0.017,B,Greenberg Quinlan Rosner (Democracy Corps)
WV-02,6/19/2018,0.38,0.52,112,Likely,-0.014,A,Monmouth University
ND-01,5/14/2018,0.28,0.48,509,Likely,0.049,D,Axis Research
NJ-07,9/21/2018,0.44,0.45,504,Likely,-0.001,A,Siena College
MS-03,7/31/2018,0.27,0.56,525,Likely,0.041,C,Triumph Campaigns
OH-01,9/13/2018,0.46,0.44,500,Likely,-0.01,B,GBA Strategies
UT-04,9/6/2018,0.46,0.49,400,Likely,-0.002,C,Dan Jones & Associates
MI-08,9/18/2018,0.43,0.45,400,Likely,0.033,B,Public Opinion Strategies
WV-03,9/16/2018,0.48,0.44,540,Likely,-0.035,C,DCCC Targeting Team
UT-04,8/27/2018,0.38,0.48,600,Registered,-0.006,D,Lighthouse Research
MN-08,9/30/2018,0.45,0.44,400,Likely,-0.027,B,Victoria Research & Consulting
MS-02,7/31/2018,0.51,0.22,525,Likely,0,C,Triumph Campaigns
MN-08,9/9/2018,0.44,0.43,504,Likely,-0.001,A,Siena College
WV-03,9/15/2018,0.36,0.31,274,Registered,-0.009,B,Emerson College
UT-04,8/23/2018,0.44,0.46,400,Likely,-0.042,B,Mellman Group
MS-01,7/31/2018,0.28,0.57,525,Likely,0.041,C,Triumph Campaigns
PA-10,9/25/2018,0.43,0.44,650,Voters,-0.0021,B,Public Policy Polling
OH-01,4/17/2018,0.42,0.43,662,Voters,-0.021,B,Public Policy Polling
UT-04,6/18/2018,0.39,0.45,379,Registered,-0.004,D,University of Utah
WV-03,9/10/2018,0.4,0.48,499,Likely,-0.001,A,Siena College
UT-04,6/5/2018,0.43,0.47,405,Likely,-0.002,C,Dan Jones & Associates
MI-08,8/23/2018,0.44,0.49,400,Likely,-0.017,B,Greenberg Quinlan Rosner (Democracy Corps)
WV-03,6/19/2018,0.47,0.41,343,Likely,-0.014,A,Monmouth University
PA-10,6/10/2018,0.41,0.45,654,Likely,-0.0021,B,Public Policy Polling
OH-01,1/16/2018,0.44,0.51,400,Likely,-0.01,B,GBA Strategies
UT-04,3/4/2018,0.4,0.43,400,Likely,-0.042,B,Mellman Group
UT-04,2/21/2018,0.43,0.49,404,Registered,-0.002,C,Dan Jones & Associates
MI-08,4/17/2018,0.41,0.46,668,Voters,-0.021,B,Public Policy Polling
PA-16,6/7/2018,0.44,0.5,400,Likely,-0.024,D,"Normington, Petts & Associates"
PA-11,9/13/2018,0.35,0.44,522,Voters,-0.0021,B,Public Policy Polling
UT-04,1/22/2018,0.42,0.47,400,Registered,-0.002,C,Dan Jones & Associates
PA-16,5/22/2018,0.43,0.48,623,Registered,-0.021,B,Public Policy Polling
DE-01,9/17/2018,0.58,0.28,728,Likely,-0.099,D,University of Delaware
MI-08,4/5/2018,0.39,0.45,400,Registered,0.013,C,Target Insyght
DE-01,7/29/2018,0.46,0.38,884,Likely,0.021,C,Gravis Marketing
TX-06,7/28/2018,0.39,0.48,576,Voters,-0.021,B,Public Policy Polling
CO-06,9/23/2018,0.49,0.38,400,Likely,-0.024,B,"Normington, Petts & Associates"
IN-03,5/31/2018,0.34,0.55,401,Likely,0.065,B,Wilson Perkins Allen Opinion Research
TX-23,9/11/2018,0.43,0.51,495,Likely,-0.001,A,Siena College
CA-22,6/24/2018,0.41,0.49,632,Likely,-0.021,B,Public Policy Polling
IA-01,9/20/2018,0.52,0.37,502,Likely,-0.001,A,Siena College
OK-01,9/25/2018,0.32,0.54,306,Likely,0.003,B,SoonerPoll.com
MO-02,8/26/2018,0.43,0.41,402,Likely,-0.053,D,Expedition Strategies
CA-22,7/17/2018,0.41,0.53,500,Likely,-0.03,B,Strategies 360
FL-15,9/27/2018,0.46,0.49,500,Likely,0.008,D,Bold Blue Campaigns
TX-31,10/5/2018,0.38,0.53,490,Likely,-0.001,A,Siena College
TX-07,9/18/2018,0.47,0.45,562,Voters,-0.021,B,Public Policy Polling
MO-02,8/23/2018,0.4,0.51,983,Likely,0.027,C,Remington Research Group
CO-06,9/14/2018,0.51,0.4,500,Likely,-0.001,A,Siena College
CA-39,9/23/2018,0.49,0.48,552,Likely,-0.025,D,UC Berkeley
AZ-02,10/1/2018,0.5,0.39,502,Likely,-0.001,A,Siena College
OK-02,9/25/2018,0.32,0.46,245,Likely,0.003,B,SoonerPoll.com
FL-15,9/8/2018,0.48,0.47,400,Likely,-0.018,B,Greenberg Quinlan Rosner (Democracy Corps)
CA-22,7/25/2018,0.43,0.48,400,Likely,-0.053,B,Tulchin Research
CO-06,9/13/2018,0.44,0.43,400,Registered,0.05,B,Tarrance Group
IA-01,9/8/2018,0.43,0.38,250,Registered,-0.009,B,Emerson College
CA-39,9/16/2018,0.41,0.51,300,Likely,-0.011,A,Monmouth University
LA-03,8/30/2018,0.176,0.745,1417,Likely,-0.011,C,Trafalgar Group
CA-22,9/13/2018,0.44,0.5,402,Likely,-0.03,B,Strategies 360
FL-27,9/13/2018,0.42,0.51,400,Likely,0.052,C,McLaughlin & Associates
TX-31,9/25/2018,0.33,0.54,400,Likely,0.05,B,Tarrance Group*
TX-07,9/18/2018,0.45,0.48,500,Likely,-0.001,A,Siena College
FL-12,7/28/2018,0.3,0.49,615,Registered,-0.002,B,St. Pete Polls
OK-03,9/25/2018,0.24,0.54,267,Likely,0.003,B,SoonerPoll.com
FL-16,10/2/2018,0.4,0.49,551,Likely,-0.004,A,University of North Florida
IL-06,9/10/2018,0.47,0.44,402,Likely,-0.031,B,Garin-Hart-Yang Research Group
NV-04,7/22/2018,0.49,0.4,500,Likely,-0.016,C,Global Strategy Group
TX-32,9/24/2018,0.47,0.48,500,Likely,-0.001,A,Siena College
CA-39,8/6/2018,0.53,0.42,600,Likely,-0.053,B,Tulchin Research
TX-10,8/4/2018,0.36,0.39,524,Registered,-0.038,D,Blink Insights
IA-01,2/14/2018,0.47,0.41,400,Registered,-0.034,C,DCCC Targeting Team
FL-27,9/4/2018,0.46,0.42,600,Likely,-0.051,B,Bendixen & Amandi International
FL-16,10/1/2018,0.43,0.5,1248,Likely,0.002,B,St. Pete Polls
OK-04,9/25/2018,0.25,0.58,291,Likely,0.003,B,SoonerPoll.com
CA-22,9/23/2018,0.45,0.53,912,Likely,-0.025,D,UC Berkeley
TX-07,5/31/2018,0.45,0.47,404,Likely,-0.034,C,DCCC Targeting Team
TX-31,9/20/2018,0.42,0.46,500,Likely,-0.044,C,Anzalone Liszt Grove Research
IL-12,4/17/2018,0.39,0.44,622,Voters,-0.021,B,Public Policy Polling
TX-32,9/23/2018,0.5,0.47,600,Likely,-0.009,B,GBA Strategies
FL-16,8/25/2018,0.44,0.48,400,Likely,-0.044,C,Anzalone Liszt Grove Research
CA-07,6/14/2018,0.5,0.41,400,Likely,0.037,B,Public Opinion Strategies
NV-04,8/7/2018,0.41,0.41,400,Likely,0.044,B,Moore Information
CA-39,6/10/2018,0.43,0.45,536,Likely,-0.034,C,DCCC Targeting Team
KS-01,9/28/2018,0.17,0.44,193,Registered,-0.009,B,Emerson College
IA-01,2/13/2018,0.43,0.42,742,Voters,-0.021,B,Public Policy Polling
TX-31,11/29/2017,0.4,0.46,613,Voters,-0.021,B,Public Policy Polling
AZ-01,9/28/2018,0.36,0.39,738,Likely,0.041,D,Go Right Strategies
FL-19,9/12/2018,0.42,0.51,468,Registered,-0.062,C,Change Research
FL-16,7/28/2018,0.35,0.44,681,Likely,0.02,B,St. Pete Polls
IA-04,9/9/2018,0.37,0.43,380,Likely,-0.053,D,Expedition Strategies
CA-22,9/25/2018,0.41,0.55,582,Likely,0.005,A,SurveyUSA
CA-39,1/11/2018,0.38,0.41,761,Likely,0.027,C,Remington Research Group
NV-04,1/9/2018,0.42,0.37,400,Registered,-0.034,C,DCCC Targeting Team
TX-21,7/9/2018,0.27,0.33,672,Registered,-0.054,C,Change Research
FL-26,9/27/2018,0.49,0.48,500,Likely,-0.018,B,Greenberg Quinlan Rosner (Democracy Corps)
OK-05,9/25/2018,0.37,0.5,1407,Likely,0.041,D,VCreek/AMG
TX-32,9/18/2018,0.47,0.42,555,Voters,-0.021,B,Public Policy Polling
FL-16,4/17/2018,0.37,0.49,655,Voters,-0.021,B,Public Policy Polling
IL-12,9/6/2018,0.43,0.44,533,Likely,0.001,A,Sienna College
FL-26,9/19/2018,0.46,0.45,511,Voters,-0.021,B,Public Policy Polling
OK-05,9/25/2018,0.37,0.47,303,Likely,0.003,B,SoonerPoll.com
FL-26,9/17/2018,0.44,0.47,509,Likely,-0.001,A,Siena College
NE-02,9/30/2018,0.45,0.49,400,Likely,-0.018,B,Greenberg Quinlan Rosner (Democracy Corps)
TX-32,8/1/2018,0.45,0.47,500,Likely,-0.009,B,GBA Strategies
IA-04,9/8/2018,0.31,0.41,240,Registered,-0.09,B,Emerson College
IL-12,9/27/2018,0.44,0.46,574,Likely,0.034,C,DCCC Targeting Team
FL-18,9/30/2018,0.45,0.48,400,Likely,-0.016,C,Global Strategy Group
CA-24,7/15/2018,0.47,0.46,404,Likely,0.041,D,Olive Tree Strategies
KS-01,9/22/2018,0.33,0.44,400,Likely,-0.078,D,Jayhawk Consulting
FL-18,9/16/2018,0.44,0.5,600,Likely,-0.016,C,Global Strategy Group
AZ-04,9/25/2018,0.25,0.57,370,Likely,0.008,C,OH Predictive Insights/MBQF
FL-18,5/6/2018,0.34,0.52,600,Likely,-0.016,C,Global Strategy Group
FL-26,7/22/2018,0.41,0.48,500,Likely,-0.009,B,GBA Strategies
CA-25,9/19/2018,0.45,0.47,500,Likely,-0.001,A,Siena College
OK-05,9/6/2018,0.35,0.49,1182,Likely,0.041,D,VCreek/AMG
IL-13,4/17/2018,0.42,0.45,726,Voters,0.021,B,Public Policy Polling
FL-18,9/19/2018,0.43,0.46,533,Voters,-0.025,B,Public Policy Polling
IA-02,9/11/2018,0.46,0.38,425,Adults,0.031,C,Gravis Marketing
FL-06,9/19/2018,0.43,0.48,981,Registered,0.002,B,St. Pete Polls
IL-14,4/17/2018,0.41,0.45,682,Voters,-0.021,B,Public Policy Polling
FL-26,3/22/2018,0.4,0.45,400,Registered,-0.034,C,DCCC Targeting Team
CA-25,7/12/2018,0.47,0.47,400,Registered,0.017,C,IMGE Insights
CA-10,7/1/2018,0.48,0.48,501,Likely,-0.031,B,Garin-Hart Yang Research Group
SC-01,8/31/2018,0.42,0.49,628,Voters,-0.021,B,Public Policy Polling
KS-02,9/15/2018,0.45,0.44,500,Likely,-0.001,A,Siena College
CA-45,9/25/2018,0.48,0.43,518,Likely,-0.001,A,Siena College/NYT
IA-02,9/8/2018,0.45,0.21,250,Registered,-0.009,B,Emerson College
IA-03,9/30/2018,0.44,0.43,502,Likely,-0.001,A,Siena College
NE-02,9/26/2018,0.42,0.51,512,Likely,-0.001,A,Siena College
CA-25,6/21/2018,0.4,0.45,400,Likely,-0.016,C,Global Strategy Group
FL-25,9/19/2018,0.36,0.41,541,Voters,-0.021,B,Public Policy Polling
VA-09,6/28/2018,0.41,0.48,400,Likely,0.038,D,Thirty-ninth Street Strategies
FL-25,5/23/2018,0.39,0.46,650,Voters,-0.021,B,Public Policy Polling
IL-06,9/6/2018,0.44,0.45,512,Likely,-0.001,A,Siena College
IA-03,9/8/2018,0.31,0.47,260,Registered,-0.009,B,Emerson College
CA-25,2/15/2018,0.5,0.4,283,Registered,-0.021,B,Public Policy Polling
KS-02,9/28/2018,0.35,0.31,243,Registered,0.009,B,Emerson College
CA-25,1/28/2018,0.53,0.4,650,Likely,-0.056,B,"Fairbank, Maslin, Maullin, Metz & Associates"
IA-03,9/5/2018,0.46,0.43,575,Likely,-0.034,C,DCCC Targeting Team
CA-48,9/23/2018,0.48,0.48,623,Likely,-0.0028,D,UC Berkeley
FL-06,9/6/2018,0.46,0.47,400,Likely,-0.018,B,Greenberg Quinlan Rosner (Democracy Corps)
SD-01,9/5/2018,0.33,0.54,400,Likely,0.037,B,Public Opinion Strategies
CO-06,7/17/2018,0.47,0.45,506,Likely,-0.016,C,Global Strategy Group
VA-10,3/21/2018,0.46,0.43,400,Registered,-0.034,C,DCCC Targeting Team
SD-01,7/20/2018,0.33,0.43,641,Registered,-0.021,B,Public Policy Polling
IA-03,7/12/2018,0.45,0.41,500,Likely,-0.044,C,Anzalone Liszt Grove Research
CA-49,9/23/2018,0.51,0.41,507,Likely,-0.001,A,Siena College
CO-06,7/12/2018,0.45,0.45,400,Registered,0.0017,C,IMGE Insight
VA-10,6/24/2018,0.5,0.41,338,Likely,-0.011,A,Monmouth University
IL-06,7/25/2018,0.37,0.44,600,Likely,0.019,D,Victory Research
CO-06,2/15/2018,0.44,0.39,751,Voters,-0.021,B,Public Policy Polling
CA-50,10/1/2018,0.44,0.45,400,Likely,-0.006,B,Tulchin Research
CO-06,7/11/2018,0.41,0.44,400,Likely,-0.0024,B,"Normington, Petts, and Associates"
VA-10,9/30/2018,0.5,0.44,374,Likely,0.011,A,Monmouth University
IL-06,4/23/2018,0.44,0.45,401,Likely,-0.031,B,Garin-Hart-Yang Research Group
KS-03,8/15/2018,0.48,0.43,400,Likely,-0.016,C,Global Strategy Group
FL-07,8/30/2018,0.47,0.46,435,Registered,0.002,B,St. Pete Polls
KS-03,9/20/2018,0.4,0.43,610,Likely,0.042,D,Remington Research Group
KS-03,9/23/2018,0.51,0.43,494,Likely,-0.001,A,Siena College
VA-02,10/1/2018,0.41,0.49,500,Likely,-0.001,A,Siena College
KS-03,9/28/2018,0.47,0.41,246,Registered,-0.009,B,Emerson College
MT-01,9/16/2018,0.45,0.46,950,Likely,0.006,B,Benenson Strategy Group
MT-01,9/22/2018,0.42,0.51,710,Likely,0.021,C,Gravis Marketing
VA-02,9/28/2018,0.46,0.46,758,Likely,-0.035,C,Change Research
KS-04,7/19/2018,0.38,0.42,1896,Likely,0.054,C,Change Research
VA-02,9/8/2018,0.51,0.43,404,Likely,-0.031,B,Garin-Hart-Yang Research Group
NH-01,9/26/2018,0.55,0.33,400,Registered,-0.05,C,American Research Group
VA-02,7/1/2018,0.44,0.48,404,Likely,-0.031,B,Garin-Hart-Yang Research Group
KS-04,9/28/2018,0.26,0.5,256,Registered,0.009,B,Emerson College
VA-02,4/17/2018,0.42,0.48,609,Voters,-0.021,B,Public Policy Polling
VA-07,9/24/2018,0.47,0.47,329,Likely,-0.011,A,Monmout University
VA-07,9/20/2018,0.47,0.47,400,Likely,-0.024,B,"Normington, Petts, & Associates"
VA-07,9/12/2018,0.43,0.47,501,Likely,-0.001,A,Siena College
PA-16,10/8/2018,0.42,0.5,532,Likely,-0.001,A,Siena College
NY-01,10/8/2018,0.41,0.49,502,Likely,-0.001,A,Siena College
NC-13,10/8/2018,0.41,0.47,500,Likely,-0.001,A,Siena College
IL-14,10/8/2018,0.43,0.47,501,Likely,-0.001,A,Siena College
TX-23,10/4/2018,0.3,0.55,400,Likely,0,D,GS Strategy group
NM-02,10/2/2018,0.45,0.49,400,Likely,-0.007,B,Tarrance Group
FL-26,10/1/2018,0.5,0.48,500,Likely,0,B,GBA Strategies
NC-09,10/4/2018,0.45,0.41,556,Likely,0.0001,A,Survey USA
IL-13,10/4/2018,0.48,0.49,500,Likely,0,B,GBA Strategies
IL-13,9/11/2018,0.46,0.51,500,Likely,0,B,GBA Starategies
CA-39,10/2/2018,0.48,0.47,400,Likely,-0.049,B,Tulchin Research
IL-06,10/1/2018,0.49,0.44,400,Likely,0.0016,B,Garin-Hart-Yang
MT-01,8/31/2018,0.51,0.38,466,Likely,0,D,University of Montana
WI-01,7/15/2018,0.41,0.4,401,Likely,0.007,C,Global Strategy Group
KY-06,10/2/2018,0.51,0.44,501,Likely,0.0001,B,Garin-Hart-Yang Research Group*
VA-10,10/2/2018,0.51,0.44,794,Likely,0,B,Christopher Newport University
NH-01,9/27/2018,0.4,0.42,400,Likely,0.0058,C,Onmessage
CA-10,9/23/2018,0.5,0.45,726,Likely,-0.0025,D,UC Berkley
CA-50,9/23/2018,0.47,0.49,527,Likely,-0.0025,D,UC Berkley
CA-49,9/23/2018,0.55,0.41,551,Likely,-0.0025,D,UC Berkley
CA-45,9/23/2018,0.52,0.45,519,Likely,-0.0025,D,UC Berkley
CA-25,9/23/2018,0.5,0.46,650,Likely,-0.0025,D,UC Berkley
KY-06,10/8/2018,0.46,0.48,400,Likely,0.0036,B,Public Opinion Strategies
FL-16,10/7/2018,0.42,0.52,400,Likely,0.0036,B,Public Opinion Strategies
NJ-11,10/7/2018,0.48,0.44,356,Likely,-0.0008,A,Monmouth University
PA-07,10/28/2018,0.49,0.38,823,Likely,-0.0034,D,DeSales University
VA-10,10/5/2018,0.55,0.43,866,Likely,-0.0021,A,Washington Post
FL-15,10/4/2018,0.39,0.46,418,Likely,0.0063,B,Wilson Perkins Allen
NE-02,10/2/2018,0.4,0.49,400,Registered,0.0037,D,Meeting Street Research
MN-07,9/10/2018,0.53,0.35,500,Likely,-0.0044,C,Anzalone Liszt Grove Research
WA-08,10/9/2018,0.39,0.43,400,Registered,0.0015,A,Elway Research
VA-10,10/8/2018,0.47,0.48,400,Likely,0.0054,D,Mclaughlin and Associates
PA-17,10/8/2018,0.54,0.42,354,Likely,0.014,A,Monmouth University
IL-12,10/7/2018,0.45,0.46,404,Likely,-0.0018,C,Global Strategy Group
FL-06,10/4/2018,0.45,0.45,400,Likely,-0.0018,B,Greenberg Quinlan Rosner
IL-13,10/1/2018,0.37,0.5,400,Likely,-0.0016,B,American Viewpoint
NY-27,10/8/2018,0.42,0.42,400,Likely,-0.0049,B,Tulchin Research
FL-27,10/6/2018,0.42,0.44,625,Likely,-0.001,B,Mason Dixon
NJ-03,10/4/2018,0.4,0.44,400,Likely,-0.003,B,National Research
IL-12,7/30/2018,0.41,0.5,400,Likely,-0.0018,C,Global Strategy
AK-01,10/6/2018,0.46,0.5,500,Likely,0.04,D,Alaska Survey Research
AK-01,10/12/2018,0.43,0.46,645,Voters,-0.022,B,Public Policy Polling
MN-08,10/14/2018,0.34,0.49,507,Likely,-0.001,A,Siena College
WA-03,10/11/2018,0.45,0.43,400,Likely,-0.034,B,Lake Research
AZ-01,10/10/2018,0.38,0.44,943,Likely,0.042,D,Go Right Strategies
NY-01,10/10/2018,0.45,0.5,500,Likely,-0.017,B,GBA Strategies
UT-04,10/10/2018,0.47,0.45,400,Likely,-0.042,B,Mellman Group
NV-04,10/8/2018,0.37,0.41,400,Likely,0.054,B,Moore Information
IA-01,10/4/2018,0.44,0.43,400,Registered,0.05,C,The Polling Company
TX-17,9/1/2018,0.38,0.54,961,Registered,-0.04,C,Change Research
PA-01,10/4/2018,0.42,0.5,400,Likely,-0.036,B,Public Opinion Strategies
TX-23,10/18/2018,0.38,0.53,488,Likely,0.007,A,Siena College/NYT
NJ-11,10/17/2018,0.49,0.38,487,Likely,0.007,A,Siena College/NYT
CO-06,10/17/2018,0.47,0.38,506,Likely,0.007,A,Siena College/NYT
PA-01,10/14/2018,0.5,0.43,570,Likely,0.006,A,Siena College
NH-02,10/12/2018,0.44,0.25,461,Likely,-0.003,B,Emerson College
NH-01,10/12/2018,0.4,0.35,387,Likely,-0.003,B,Emerson College
NV-04,10/12/2018,0.36,0.34,157,Likely,-0.003,B,Emerson College
NV-03,10/12/2018,0.41,0.39,178,Likely,-0.003,B,Emerson College
NV-02,10/12/2018,0.16,0.23,169,Likely,-0.003,B,Emerson College
NV-01,10/12/2018,0.5,0.2,121,Likely,-0.003,B,Emerson College
NC-13,10/12/2018,0.41,0.44,533,Likely,0.002,A,Survey USA
VA-02,10/12/2018,0.43,0.5,798,Likely,-0.014,B,Christopher Newport
UT-04,10/11/2018,0.46,0.45,403,Registered,-0.003,D,University of Utah
MI-06,10/10/2018,0.46,0.49,605,Likely,-0.031,C,DCCC targeting Team
NJ-03,10/10/2018,0.45,0.47,546,Likely,0.022,B,Stockton University
FL-26,10/9/2018,0.45,0.46,625,Likely,-0.006,B,Mason Dixon
OR-05,10/8/2018,0.33,0.56,359,Likely,0.029,C,Gravis
ME-02,10/18/2018,0.41,0.41,501,Likely,0.006,A,Siena College/NYT
FL-27,10/19/2018,0.44,0.37,542,Likely,0.006,A,Siena College/NYT
WV-03,10/18/2018,0.41,0.46,490,Likely,0.006,A,Siena College/NYT
WA-03,10/19/2018,0.41,0.48,497,Likely,0.006,A,Siena College/NYT
MI-02,10/15/2018,0.42,0.48,400,Likely,-0.034,B,Lake Research
FL-27,10/14/2018,0.44,0.39,500,Likely,-0.041,C,Anzalone Liszt
IA-01,10/13/2018,0.45,0.43,400,Registered,0.05,C,The Polling Company
NY-22,10/13/2018,0.42,0.5,400,Likely,0.05,C,The Polling Company
MI-11,10/13/2018,0.36,0.35,400,Likely,0.046,B,Harper Polling
NY-27,10/11/2018,0.43,0.46,490,Likely,0.006,A,Siena College
PA-16,10/10/2018,0.48,0.49,548,Likely,-0.031,C,DCCC Targeting Team
MI-02,7/15/2018,0.28,0.5,400,Likely,-0.034,B,Lake Research
KS-03,10/17/2018,0.48,0.39,503,Likely,0.006,A,Siena College/NYT
AK-01,10/14/2018,0.47,0.49,500,Registered,0.006,D,Alaska Survey Research
MI-11,10/14/2018,0.48,0.39,513,Likely,-0.036,C,Anzalone Liszt Grove
UT-03,10/9/2018,0.13,0.67,143,Registered,-0.001,D,University of Utah
UT-01,10/9/2018,0.2,0.52,143,Registered,-0.001,D,University of Utah
NY-25,10/8/2018,0.53,0.36,465,Likely,0.006,A,Siena College
TX-12,9/28/2018,0.3,0.62,590,Voters,-0.021,B,Public Policy Polling
NY-11,9/5/2018,0.39,0.47,509,Voters,-0.021,B,Public Policy Polling
WV-03,10/14/2018,0.45,0.48,350,Likely,-0.002,A,Monmouth University
NH-02,10/15/2018,0.49,0.22,220,Likely,-0.009,D,St. Anselm
NH-01,10/15/2018,0.44,0.36,234,Likely,-0.009,D,St. Anselm
AK-01,10/16/2018,0.44,0.48,500,Likely,-0.016,B,Lake Research
PA-08,10/19/2018,0.52,0.4,506,Likely,0.002,A,Siena College/NYT
FL-15,10/19/2018,0.43,0.43,499,Likely,0.002,A,Siena College/NYT
CA-45,10/17/2018,0.46,0.5,400,Likely,0.046,B,Public Opinion Strategies
FL-15,10/14/2018,0.45,0.45,591,Likely,0.002,A,SurveyUSA
PA-07,10/18/2018,0.48,0.41,411,Likely,-0.007,A,Muhlenberg College
MI-08,10/17/2018,0.45,0.48,500,Likely,0.017,C,Target Insyght
MI-11,10/17/2018,0.48,0.48,500,Likely,0.017,C,Target Insyght
ME-02,10/7/2018,0.37,0.37,251,Likely,-0.011,B,Pan Atlantic SMS Group
ME-01,10/7/2018,0.53,0.29,249,Likely,-0.011,B,Pan Atlantic SMS Group
AZ-01,10/18/2018,0.46,0.46,400,Likely,0.043,B,American Viewpoint
UT-02,10/17/2018,0.29,0.52,401,Registered,0.003,D,Univeristy of Utah
GA-07,10/14/2018,0.32,0.59,400,Likely,0.071,C,McLauglin & Associates
AR-02,10/18/2018,0.4,0.52,590,Likely,0.02,B,Hendrix College
ND-01,10/19/2018,0.35,0.56,650,Likely,0.029,D,Strategic Research Associates
FL-15,10/18/2018,0.41,0.47,1369,Likely,0.047,D,Remington Research Group
GA-07,10/18/2018,0.43,0.49,500,Likely,-0.014,D,JMC Analytics / Bold Blue
NH-02,10/18/2018,0.53,0.38,234,Likely,0.006,B,University of New Hampshire
NH-01,10/18/2018,0.46,0.37,265,Likely,0.006,B,University of New Hampshire
NY-19,10/16/2018,0.43,0.44,500,Likely,0.003,A,Siena College
OK-05,10/15/2018,0.35,0.51,974,Likely,0.047,D,VCreek/AMG
VT-01,10/14/2018,0.55,0.18,974,Likely,0.033,B,Braun Research
OH-12,10/13/2018,0.46,0.48,639,Likely,-0.025,B,Clarity Campaign Labs
ME-02,10/12/2018,0.48,0.42,400,Likely,-0.016,C,Global Strategy Group
IL-12,10/22/2018,0.39,0.48,502,Likely,0.003,A,Siena College/NYT
VA-02,10/22/2018,0.42,0.45,508,Likely,0.003,A,Siena College/NYT
VA-05,10/22/2018,0.46,0.45,501,Likely,0.003,A,Siena College/NYT
WI-01,10/21/2018,0.45,0.44,551,Likely,-0.012,C,Change Research
CA-48,10/21/2018,0.48,0.5,372,Likely,-0.001,A,Monmouth University
TX-21,10/20/2018,0.38,0.5,401,Likely,0.059,B,WPA Intelligence
GA-06,10/18/2018,0.45,0.49,500,Likely,-0.011,D,JMC Analytics/Bold Blue Campaigns
FL-27,10/14/2018,0.41,0.5,400,Registered,0.07,C,McLaughlin & Associates
WI-01,10/5/2018,0.44,0.46,501,Likely,-0.012,C,Change Research
OH-12,10/22/2018,0.47,0.47,570,Likely,0,B,GBA Strategies
FL-15,10/18/2018,0.47,0.47,400,Likely,0,B,Greenberg Quinlan Rosner
NY-22,10/18/2018,0.46,0.45,501,Likely,0,A,Siena College
CA-45,10/16/2018,0.42,0.5,365,Likely,0,C,TargetPoint
CO-06,10/16/2018,0.48,0.43,385,Likely,0,C,TargetPoint
PA-01,10/16/2018,0.49,0.45,400,Likely,0,C,TargetPoint
VA-10,10/16/2018,0.47,0.47,421,Likely,0,C,TargetPoint
VA-05,10/16/2018,0.43,0.48,406,Likely,0,C,TargetPoint
TX-02,10/16/2018,0.4,0.49,435,Likely,0,C,TargetPoint
OH-16,10/16/2018,0.39,0.48,424,Likely,0,C,TargetPoint
NY-21,10/16/2018,0.4,0.5,491,Likely,0,C,TargetPoint
WI-01,9/8/2018,0.45,0.45,400,Likely,0,C,Global Strategy Group
MN-01,10/20/2018,0.47,0.45,586,Likely,0,A,SurveyUSA
CA-04,10/16/2018,0.45,0.49,840,Likely,0,B,Clarity Campaign Labs
MT-01,10/13/2018,0.41,0.44,471,Likely,0,B,MSU Billings
MT-01,10/6/2018,0.4,0.48,2079,Registered,0,D,MSU Bozeman
VA-10,8/27/2018,0.5,0.43,400,Likely,0,C,Global Strategy Group
CA-39,10/23/2018,0.47,0.46,496,Likely,0,A,Siena College/NYT
NM-02,10/23/2018,0.44,0.45,522,Likely,0,A,Siena College/NYT
NJ-02,10/23/2018,0.55,0.38,597,Likely,0,B,Stockton University
GA-06,10/22/2018,0.47,0.48,400,Likely,0,D,Thirty-Ninth Street Strategies
NJ-03,10/22/2018,0.48,0.46,363,Likely,0,A,Monmouth University
SD-01,10/22/2018,0.31,0.54,500,Likely,0,B,Mason-Dixon Polling
VA-10,10/21/2018,0.56,0.43,430,Likely,0,A,Washington Post/George Mason
OR-02,10/12/2018,0.4,0.49,400,Likely,0,D,Patinkin Research Strategies
OH-01,10/24/2018,0.41,0.5,492,Likely,0,A,Siena College/NYT
CA-49,10/24/2018,0.53,0.49,500,Likely,0,A,Siena College/NYT
FL-26,10/24/2018,0.45,0.44,499,Likely,0,A,Siena College/NYT
NJ-05,10/15/2018,0.47,0.38,400,Likely,0,C,McLaughlin & Associates
NE-01,10/25/2018,0.39,0.55,742,Likely,0,C,Change Research
NY-23,10/24/2018,0.47,0.49,510,Likely,0,C,Change Research
NJ-03,10/25/2018,0.44,0.45,508,Likely,0,A,Siena College/NYT
MT-01,10/18/2018,0.46,0.45,533,Likely,0,D,University of Montana
CA-10,10/25/2018,0.47,0.45,501,Likely,0,A,Siena College/NYT
IL-13,10/25/2018,0.41,0.46,501,Likely,0,A,Siena College/NYT
TX-07,10/25/2018,0.45,0.46,499,Likely,0,A,Siena Colege/NYT
IA-03,10/27/2018,0.43,0.41,504,Likely,0,A,Siena College/NYT
UT-04,10/26/2018,0.45,0.45,526,Likely,0,A,Siena College/NYT
NY-11,10/27/2018,0.4,0.44,495,Likely,0,A,Siena College/NYT
PA-10,10/26/2018,0.43,0.45,498,Likely,0,A,Siena College/NYT
IL-06,10/26/2018,0.46,0.44,497,Likely,0,A,Siena College/NYT
NY-24,10/22/2018,0.39,0.53,500,Likely,0,A,Siena College
CA-25,10/28/2018,0.44,0.48,504,Likely,0,A,Siena College/NYT
CA-16,9/19/2018,0.51,0.4,515,Likely,0,A,SurveyUSA
CA-21,9/24/2018,0.39,0.5,555,Likely,0,A,SurveyUSA
CA-45,9/23/2018,0.48,0.47,400,Likely,0,B,GBA Strategies
CA-45,9/18/2018,0.46,0.43,500,Likely,0,C,Global Strategy group
CA-45,8/14/2018,0.49,0.46,500,Likely,0,B,Tulchin Research
CA-45,7/31/2018,0.44,0.45,500,Likely,0,C,Global Strategy Group
CA-45,5/12/2018,0.46,0.43,599,Likely,0,B,Public Policy Polling
CA-45,2/21/2018,0.46,0.44,648,Registered,0,B,Public Policy Polling
CA-48,9/6/2018,0.45,0.45,501,Likely,0,A,Siena College/NYT
CA-48,7/15/2018,0.47,0.45,361,Likely,0,A,Monmouth University
CA-48,10/5/2017,0.44,0.48,401,Likely,0,B,Tulchin Research
CA-49,9/20/2018,0.45,0.43,400,Likely,0,B,Public Opinion Strategies
CA-49,7/17/2018,0.43,0.46,400,Likely,0,B,Public Opinion Strategies
CA-49,6/27/2018,0.44,0.41,400,Likely,0,B,Feldman Group
CA-50,9/26/2018,0.38,0.53,348,Likely,0,A,Monmouth University
CA-50,8/30/2018,0.46,0.46,400,Likely,0,B,Tulchin Research
CA-50,8/26/2018,0.39,0.47,539,Likely,0,A,SurveyUSA
CA-50,7/23/2018,0.42,0.51,400,Likely,0,B,Tulchin Research
NY-27,10/28/2018,0.47,0.43,400,Likely,0,B,Tulchin Research
VA-07,10/27/2018,0.46,0.45,871,Likely,0,B,Christopher Newport University
NM-03,10/26/2018,0.54,0.37,331,Likely,0,B,Emerson College
NM-02,10/26/2018,0.47,0.47,278,Likely,0,B,Emerson College
NM-01,10/26/2018,0.51,0.41,327,Likely,0,B,Emerson College
NE-02,10/25/2018,0.45,0.52,350,Likely,0,B,DFM Research
AK-01,9/25/2018,0.43,0.54,500,Likely,0,D,Alaska Survey Research
AZ-06,10/15/2018,0.36,0.5,500,Likely,0,A,Siena College/NYT
AZ-08,9/26/2018,0.44,0.48,400,Likely,0,B,Lake Research
AZ-08,8/13/2018,0.4,0.49,400,Likely,0,B,Lake Research
CO-06,10/8/2017,0.36,0.43,742,Voters,0,B,Public Policy Polling
FL-09,10/7/2018,0.48,0.4,535,Likely,0,A,SurveyUSA
IA-01,10/8/2018,0.42,0.4,1093,Voters,0,B,Public Policy Polling
KY-06,8/26/2018,0.44,0.49,401,Likely,0,B,Garin-Hart-Yang Research Group*
MI-11,10/6/2018,0.45,0.38,465,Likely,0,A,Siena College/NYT
MI-11,10/4/2018,0.42,0.37,503,Likely,0,C,Anzalone Liszt Grove
MI-11,8/16/2018,0.44,0.36,500,Likely,0,C,Anzalone Liszt Grove
MN-02,10/7/2017,0.42,0.43,732,Voters,0,B,Public Policy Polling
MT-01,6/13/2018,0.49,0.43,469,Likely,0,C,Gravis Marketing
NH-02,9/26/2018,0.54,0.27,400,Registered,0,C,American Research Group
NY-22,10/10/2017,0.45,0.43,561,Likely,0,C,DCCC Targeting Team
NC-09,7/8/2018,0.43,0.36,543,Likely,0,A,SurveyUSA
NC-09,3/13/2018,0.44,0.43,500,Likely,0,C,Anzalone Liszt Grove Research
UT-04,10/18/2017,0.42,0.48,402,Registered,0,C,Dan Jones & Associates
VA-10,10/15/2018,0.48,0.41,484,Likely,0,A,Siena College/NYT
VA-10,10/9/2018,0.49,0.39,400,Likely,0,C,Global Strategy Group
WA-03,6/18/2018,0.37,0.42,500,Likely,0,B,Lake Research
WA-03,3/12/2018,0.29,0.49,400,Likely,0,A,Lake Research
WA-08,9/26/2018,0.46,0.45,505,Likely,0,A,Siena College/NYT
WA-08,4/22/2018,0.45,0.51,300,Likely,0,B,GBA Strategies
PA-10,10/21/2018,0.46,0.49,366,Likely,0,C,Susquehanna Polling & Research
NY-27,10/29/2018,0.4,0.44,501,Likely,0,A,Siena College/NYT
MN-02,10/14/2018,0.52,0.43,400,Likely,0,C,Global Strategy Group
IA-04,10/29/2018,0.44,0.45,631,Likely,0,C,Change Research
KS-02,10/29/2018,0.44,0.45,902,Likely,0,C,Change Research
WI-06,10/29/2018,0.48,0.5,525,Likely,0,C,Change Research
IN-09,10/29/2018,0.45,0.52,541,Likely,0,C,Change Research
IN-05,10/29/2018,0.44,0.5,527,Likely,0,C,Change Research
MI-01,10/29/2018,0.42,0.54,574,Likely,0,C,Change Research
MI-06,10/29/2018,0.43,0.46,466,Likely,0,C,Change Research
OH-02,10/29/2018,0.39,0.52,431,Likely,0,C,Change Research
IL-16,10/29/2018,0.41,0.55,554,Likely,0,C,Change Research
FL-18,10/29/2018,0.44,0.53,475,Likely,0,C,Change Research
NY-01,10/29/2018,0.37,0.52,838,Likely,0,C,Change Research
CO-03,10/29/2018,0.38,0.53,485,Likely,0,C,Change Research
CA-50,10/28/2018,0.45,0.48,547,Likely,0,A,SurveyUSA
NC-02,10/28/2018,0.4,0.49,565,Likely,0,A,SurveyUSA
KS-04,10/28/2018,0.33,0.63,262,Likely,0,B,Emerson College
KS-03,10/28/2018,0.55,0.43,262,Likely,0,B,Emerson College
KS-02,10/28/2018,0.41,0.48,231,Likely,0,B,Emerson College
KS-01,10/28/2018,0.36,0.51,221,Likely,0,B,Emerson College
MT-01,10/26/2018,0.48,0.48,782,Likely,0,C,Gravis Marketing
NY-19,10/28/2018,0.49,0.44,372,Likely,0,A,Monmouth University
PA-01,10/29/2018,0.46,0.47,502,Likely,0,A,Siena College/NYT
